{
  "requests": [
    {
      "name": "Анна Смирнова",
      "phone": "7-923-444-44-44",
      "email": "qwerty@gmail.com",
      "product": "course-php",
      "date": "2022-06-08T13:51:11.057Z",
      "status": "new",
      "id": 1
    },
    {
      "name": "Алексей Алексеев",
      "phone": "7-901-5555555",
      "email": "asd@gmail.com",
      "product": "course-wordpress",
      "date": "2022-04-08T10:51:11.057Z",
      "status": "new",
      "id": 2
    },
    {
      "name": "Jhon",
      "phone": "7-902-222-2222",
      "email": "qasdfdd@yandex.ru",
      "product": "course-js",
      "date": "2022-01-08T03:51:11.057Z",
      "status": "new",
      "id": 3
    },
    {
      "name": "Иван Фролов",
      "phone": "420772551797",
      "email": "frolov@gmail.com",
      "product": "course-js",
      "date": "2022-06-08T16:00:18.716Z",
      "status": "inwork",
      "id": 4
    },
    {
      "name": "Василий Пупкин",
      "phone": "420776555787",
      "email": "pupkin@mail.ru",
      "product": "course-vue",
      "date": "2022-06-08T16:00:39.531Z",
      "status": "complete",
      "id": 5
    },
    {
      "name": "Егор Безруков",
      "phone": "420772557757",
      "email": "bezrukov@seznam.cz",
      "product": "course-html",
      "date": "2022-06-10T18:05:21.773Z",
      "status": "inwork",
      "id": 6
    },
    {
      "name": "Василий Пупкин",
      "phone": "420776555787",
      "email": "pupkin@mail.ru",
      "product": "course-vue",
      "date": "2022-06-10T18:05:32.412Z",
      "status": "new",
      "id": 7
    }
  ]
}